,Pressure,Temperature,FlowRate,Time
0,49.6182378089657,311.4001203833574,0.39510559318289984,5.653822599385158
1,55.08480584444031,344.18238929153904,0.3181090095095041,10.151123459137807
2,67.50473151462032,332.11932870668966,0.24456389881975324,7.29090836621655
